nct_id,Name,intervention_type
NCT01060475,tacrolimus,Drug
NCT01060475,tacrolimus,Drug
NCT01064401,human interferon beta,Drug
NCT01069900,ertapenem,Drug
NCT01069900,clavulanic acid,Drug
NCT01069900,amoxicillin,Drug
NCT03270332,salbutamol,Drug
NCT03276325,nalbuphine,Drug
NCT03274492,vincristine,Drug
NCT04134663,oxytocin,Drug
NCT04134663,oxytocin,Drug
NCT03783416,ixazomib,Drug
NCT03787069,lidocaine,Drug
NCT03787992,gefitinib,Drug
NCT04143607,gefitinib,Drug
NCT02296125,gefitinib,Drug
NCT01733459,metformin,Drug
NCT01734785,linagliptin,Drug
NCT01081249,oxytocin,Drug
NCT01088594,rosiglitazone,Drug
NCT01088594,pioglitazone,Drug
NCT01088594,rosiglitazone,Drug
NCT01088594,pioglitazone,Drug
NCT01088022,palonosetron,Drug
NCT01088022,dexamethasone,Drug
NCT01082874,clonidine,Drug
NCT03326245,methylphenidate,Drug
NCT03326245,methylphenidate,Drug
NCT03833362,narlaprevir,Drug
NCT03833362,ritonavir,Drug
NCT03719313,ritonavir,Drug
NCT01817153,hydrocortisone,Drug
NCT02645916,"starch, corn",Drug
NCT02640118,lixisenatide,Drug
NCT01379521,everolimus,Drug
NCT01035229,everolimus,Drug
NCT01524783,everolimus,Drug
NCT00510068,everolimus,Drug
NCT00790036,everolimus,Drug
NCT00790400,everolimus,Drug
NCT00879333,everolimus,Drug
NCT03312738,everolimus,Drug
NCT00863655,everolimus,Drug
NCT01379469,carbamazepine,Drug
NCT01373151,clazakizumab,Drug
NCT01373151,methotrexate,Drug
NCT00195663,methotrexate,Drug
NCT02829424,methotrexate,Drug
NCT02706873,methotrexate,Drug
NCT01142726,methotrexate,Drug
NCT01370915,ascorbic acid,Drug
NCT00905580,ascorbic acid,Drug
NCT00938548,ascorbic acid,Drug
NCT02518945,dapagliflozin,Drug
NCT02725593,dapagliflozin,Drug
NCT01095666,dapagliflozin,Drug
NCT01095653,dapagliflozin,Drug
NCT00528372,dapagliflozin,Drug
NCT02096705,dapagliflozin,Drug
NCT02516410,ivacaftor,Drug
NCT02516410,ivacaftor,Drug
NCT01985425,colchicine,Drug
NCT02551094,colchicine,Drug
NCT01987427,phentermine,Drug
NCT01987427,lorcaserin,Drug
NCT01987427,phentermine,Drug
NCT01987427,lorcaserin,Drug
NCT04468087,atazanavir,Drug
NCT04468087,daclatasvir,Drug
NCT04468087,daclatasvir,Drug
NCT04468087,daclatasvir,Drug
NCT04468087,sofosbuvir,Drug
NCT04468087,daclatasvir,Drug
NCT04462666,etoricoxib,Drug
NCT03251482,apixaban,Drug
NCT00097357,apixaban,Drug
NCT01033825,dexamethasone,Drug
NCT01038752,carboplatin,Drug
NCT01038752,docetaxel,Drug
NCT01031992,tranexamic acid,Drug
NCT01031992,tranexamic acid,Drug
NCT03414008,l-tartaric acid,Drug
NCT04531475,lansoprazole,Drug
NCT02388724,lansoprazole,Drug
NCT02388737,lansoprazole,Drug
NCT03050359,lansoprazole,Drug
NCT03050307,lansoprazole,Drug
NCT04531865,mycophenolate mofetil,Drug
NCT04531865,mycophenolic acid,Drug
NCT04531865,phenol,Drug
NCT04536532,entecavir,Drug
NCT01382134,desmopressin,Drug
NCT01384591,losartan,Drug
NCT01384591,cysteine,Drug
NCT01384591,acetylcysteine,Drug
NCT01380691,ethanol,Drug
NCT01389284,naproxen,Drug
NCT01389284,naproxen,Drug
NCT00092014,alendronic acid,Drug
NCT00092625,ezetimibe,Drug
NCT00092612,ezetimibe,Drug
NCT00092599,ezetimibe,Drug
NCT00092638,ezetimibe,Drug
NCT00092339,valdecoxib,Drug
NCT00092365,celecoxib,Drug
NCT00092352,celecoxib,Drug
NCT00097786,valsartan,Drug
NCT00097786,nateglinide,Drug
NCT00097786,valsartan,Drug
NCT00097786,nateglinide,Drug
NCT00097786,valsartan,Drug
NCT00097786,nateglinide,Drug
NCT00092326,oxycodone,Drug
NCT00092326,aniline,Drug
NCT00092209,losartan,Drug
NCT00092209,chlorothiazide,Drug
NCT00092209,hydrochlorothiazide,Drug
NCT00092209,chlorine,Drug
NCT00092378,diclofenac,Drug
NCT02394496,lapatinib,Drug
NCT02394496,rivoceranib,Drug
NCT00345644,risedronic acid,Drug
NCT00346268,morphine,Drug
NCT00343317,cefoxitin,Drug
NCT01951716,"dextrose, unspecified form",Drug
NCT01951729,atropine,Drug
NCT01951144,lorazepam,Drug
NCT03720483,cysteine,Drug
NCT03720041,lenalidomide,Drug
NCT00392925,pramlintide,Drug
NCT00392925,metreleptin,Drug
NCT00393484,lamivudine,Drug
NCT00393484,entecavir,Drug
NCT00392223,minocycline,Drug
NCT00392223,azithromycin,Drug
NCT01527097,atorvastatin,Drug
NCT01059864,atorvastatin,Drug
NCT01236365,atorvastatin,Drug
NCT01522651,ranolazine,Drug
NCT01425359,ranolazine,Drug
NCT01522651,dronedarone,Drug
NCT01525394,lenvatinib,Drug
NCT01521377,moxifloxacin,Drug
NCT01529112,lenvatinib,Drug
NCT01675154,orlistat,Drug
NCT01126970,orlistat,Drug
NCT03492385,chlorine,Drug
NCT03492385,chloride ion,Drug
NCT03928353,chlorine,Drug
NCT03928353,chloride ion,Drug
NCT03492281,tolterodine,Drug
NCT03491540,ornidazole,Drug
NCT03475680,ornidazole,Drug
NCT00915135,ramelteon,Drug
NCT01855529,ropivacaine,Drug
NCT01850030,progesterone,Drug
NCT01850030,dydrogesterone,Drug
NCT04003402,ethanol,Drug
NCT00879047,ethanol,Drug
NCT03018236,ethanol,Drug
NCT03681249,rehmannia glutinosa root,Drug
NCT03681067,chlorine,Drug
NCT03681067,chloride ion,Drug
NCT03682705,upadacitinib,Drug
NCT03178487,upadacitinib,Drug
NCT02706873,upadacitinib,Drug
NCT03823378,upadacitinib,Drug
NCT03467217,losartan,Drug
NCT03288740,semaglutide,Drug
NCT03288740,semaglutide,Drug
NCT01154348,metformin,Drug
NCT01150331,clonazepam,Drug
NCT01150331,levetiracetam,Drug
NCT01150331,etiracetam,Drug
NCT02463643,rabeprazole,Drug
NCT02462590,microcrystalline cellulose,Drug
NCT02462317,baclofen,Drug
NCT02467517,chlorine,Drug
NCT02467517,chloride ion,Drug
NCT03577457,oxytocin,Drug
NCT03426176,oxytocin,Drug
NCT03574597,semaglutide,Drug
NCT04074161,semaglutide,Drug
NCT04596631,semaglutide,Drug
NCT03811574,semaglutide,Drug
NCT03811561,semaglutide,Drug
NCT03819153,semaglutide,Drug
NCT04560998,semaglutide,Drug
NCT03548935,semaglutide,Drug
NCT04259801,semaglutide,Drug
NCT04251156,semaglutide,Drug
NCT03914326,semaglutide,Drug
NCT03693430,semaglutide,Drug
NCT03987451,semaglutide,Drug
NCT03989232,semaglutide,Drug
NCT04032197,semaglutide,Drug
NCT03136484,semaglutide,Drug
NCT03611582,semaglutide,Drug
NCT02697734,osilodrostat,Drug
NCT04246151,vancomycin,Drug
NCT02801656,vancomycin,Drug
NCT04248829,gefitinib,Drug
NCT04230460,medical cannabis,Drug
NCT04239833,gefitinib,Drug
NCT04236427,bos taurus gallstone,Drug
NCT04233112,melatonin,Drug
NCT00993226,bupivacaine,Drug
NCT00993798,bupivacaine,Drug
NCT00993226,bupivacaine,Drug
NCT00993798,bupivacaine,Drug
NCT00991458,cyclosporine,Drug
NCT00993421,sibutramine,Drug
NCT00993421,metoprolol,Drug
NCT00992576,hydromorphone,Drug
NCT00992576,naloxone,Drug
NCT00630695,lanreotide,Drug
NCT00636896,olanzapine,Drug
NCT00630877,niacin,Drug
NCT00630877,acetylsalicylic acid,Drug
NCT00638326,clopidogrel,Drug
NCT00635102,serine,Drug
NCT00635102,glycine,Drug
NCT00635102,cycloserine,Drug
NCT00635102,serine,Drug
NCT00635102,glycine,Drug
NCT00635102,cycloserine,Drug
NCT00635102,serine,Drug
NCT00635102,glycine,Drug
NCT00635102,cycloserine,Drug
NCT00637247,gemcitabine,Drug
NCT00638638,abciximab,Drug
NCT03345550,uric acid,Drug
NCT03345550,omega-3 fatty acids,Drug
NCT03349008,glycyrrhizic acid,Drug
NCT03349008,glycyrrhizic acid,Drug
NCT02273050,saxagliptin,Drug
NCT02273050,metformin,Drug
NCT02056392,selumetinib,Drug
NCT02052752,benzoyl peroxide,Drug
NCT02051335,roflumilast,Drug
NCT01765192,roflumilast,Drug
NCT02097992,roflumilast,Drug
NCT02165826,roflumilast,Drug
NCT02051335,donepezil,Drug
NCT02769065,donepezil,Drug
NCT03030105,donepezil,Drug
NCT02918266,donepezil,Drug
NCT02058368,dutasteride,Drug
NCT02058368,tamsulosin,Drug
NCT02172573,pramipexole,Drug
NCT02172573,bromocriptine,Drug
NCT02172040,celecoxib,Drug
NCT02172040,amlodipine,Drug
NCT01845688,losartan,Drug
NCT01842113,lactulose,Drug
NCT01842113,rifaximin,Drug
NCT02620007,rifaximin,Drug
NCT01847664,rifamycin,Drug
NCT01697579,aprepitant,Drug
NCT01697579,fosaprepitant,Drug
NCT01594749,aprepitant,Drug
NCT01594749,fosaprepitant,Drug
NCT02572960,valsartan,Drug
NCT02579096,febuxostat,Drug
NCT02579096,allopurinol,Drug
NCT02576119,moxifloxacin,Drug
NCT02578394,anakinra,Drug
NCT02578394,anakinra,Drug
NCT03173248,azacitidine,Drug
NCT00674687,gabapentin,Drug
NCT00674687,gabapentin,Drug
NCT00671632,triazolam,Drug
NCT00671632,ramelteon,Drug
NCT00675584,budesonide,Drug
NCT00675584,desonide,Drug
NCT00673790,losartan,Drug
NCT00673790,lisinopril,Drug
NCT00679484,olmesartan,Drug
NCT00679484,candesartan cilexetil,Drug
NCT00679484,olmesartan,Drug
NCT00679484,candesartan cilexetil,Drug
NCT00671294,ramelteon,Drug
NCT00677339,arginine,Drug
NCT01542268,pentoxifylline,Drug
NCT01291433,pentoxifylline,Drug
NCT01660763,sufentanil,Drug
NCT01660763,fentanyl,Drug
NCT01539642,sufentanil,Drug
NCT01539642,fentanyl,Drug
NCT01667679,sumatriptan,Drug
NCT01667679,sumatriptan,Drug
NCT01661335,ondansetron,Drug
NCT01661335,dexamethasone,Drug
NCT04546009,letrozole,Drug
NCT04542382,rosuvastatin,Drug
NCT00027066,acetylsalicylic acid,Drug
NCT02072226,acetylsalicylic acid,Drug
NCT01776424,acetylsalicylic acid,Drug
NCT02325466,acetylsalicylic acid,Drug
NCT00027066,warfarin,Drug
NCT00494871,warfarin,Drug
NCT00021814,doxazosin,Drug
NCT00021814,finasteride,Drug
NCT03004469,finasteride,Drug
NCT01231607,finasteride,Drug
NCT00194675,dutasteride,Drug
NCT02147964,dutasteride,Drug
NCT02385799,sertraline,Drug
NCT02383589,mycophenolate mofetil,Drug
NCT02383589,mycophenolic acid,Drug
NCT02383589,phenol,Drug
NCT02373865,sitagliptin,Drug
NCT00721552,sitagliptin,Drug
NCT02373865,glimepiride,Drug
NCT02372578,pregabalin,Drug
NCT03221907,pregabalin,Drug
NCT02371473,acetazolamide,Drug
NCT02371473,acetazolamide,Drug
NCT01178827,oxybutynin,Drug
NCT01177813,sitagliptin,Drug
NCT01174056,pioglitazone,Drug
NCT00328627,pioglitazone,Drug
NCT01931566,pioglitazone,Drug
NCT01174056,zileuton,Drug
NCT01176591,aprepitant,Drug
NCT01173549,canagliflozin,Drug
NCT01791153,prednisone,Drug
NCT01715285,prednisone,Drug
NCT01332097,prednisone,Drug
NCT01798602,rosuvastatin,Drug
NCT02208466,fluoxetine,Drug
NCT02203916,azilsartan medoxomil,Drug
NCT02480764,azilsartan medoxomil,Drug
NCT03204318,norethisterone,Drug
NCT03204318,estradiol,Drug
NCT03204318,acetate,Drug
NCT03204331,norethisterone,Drug
NCT03204331,estradiol,Drug
NCT03204331,acetate,Drug
NCT03103087,norethisterone,Drug
NCT03103087,estradiol,Drug
NCT03103087,acetate,Drug
NCT03049735,norethisterone,Drug
NCT03049735,estradiol,Drug
NCT03049735,acetate,Drug
NCT00691392,methylcellulose,Drug
NCT00691392,microcrystalline cellulose,Drug
NCT00696800,follitropin,Drug
NCT00696800,follitropin,Drug
NCT00695864,ondansetron,Drug
NCT00696111,progesterone,Drug
NCT00698022,risperidone,Drug
NCT00698022,risperidone,Drug
NCT00698022,mifepristone,Drug
NCT03856697,gefitinib,Drug
NCT00086736,ornithine,Drug
NCT00086736,eflornithine,Drug
NCT00086736,bicalutamide,Drug
NCT00086411,bupropion,Drug
NCT00132821,bupropion,Drug
NCT02736474,bupropion,Drug
NCT00089804,abetimus,Drug
NCT00089843,risedronic acid,Drug
NCT00089843,testosterone,Drug
NCT00878995,testosterone,Drug
NCT01460654,testosterone,Drug
NCT00080119,isoniazid,Drug
NCT04552431,tamsulosin,Drug
NCT04552431,chlorine,Drug
NCT04552431,chloride ion,Drug
NCT04552431,ciprofloxacin,Drug
NCT04552431,ofloxacin,Drug
NCT00257699,ciprofloxacin,Drug
NCT00257699,ofloxacin,Drug
NCT02620007,ciprofloxacin,Drug
NCT02620007,ofloxacin,Drug
NCT04558294,ketanserin,Drug
NCT04557189,ondansetron,Drug
NCT02106494,ondansetron,Drug
NCT01594749,ondansetron,Drug
NCT02614586,ondansetron,Drug
NCT02765256,fluconazole,Drug
NCT02761252,bilastine,Drug
NCT02761252,montelukast,Drug
NCT01888536,pregabalin,Drug
NCT01258712,methotrexate,Drug
NCT01254877,ondansetron,Drug
NCT01258660,folic acid,Drug
NCT00323804,ribavirin,Drug
NCT00328627,alogliptin,Drug
NCT01890122,alogliptin,Drug
NCT01023581,alogliptin,Drug
NCT00945152,vancomycin,Drug
NCT00946309,microcrystalline cellulose,Drug
NCT00946946,azathioprine,Drug
NCT00774852,azathioprine,Drug
NCT00946946,mesalazine,Drug
NCT00944840,amodiaquine,Drug
NCT00723918,methadone,Drug
NCT00863057,methadone,Drug
NCT00721552,prednisolone,Drug
NCT00729573,emtricitabine,Drug
NCT00118898,emtricitabine,Drug
NCT00705679,emtricitabine,Drug
NCT00729794,epinephrine,Drug
NCT00726960,buprenorphine,Drug
NCT00564629,aniline,Drug
NCT00564629,aniline,Drug
NCT00561106,prednisone,Drug
NCT00565175,microcrystalline cellulose,Drug
NCT00568958,naltrexone,Drug
NCT02736474,naltrexone,Drug
NCT00743145,naltrexone,Drug
NCT00563381,salmeterol,Drug
NCT01773460,everolimus,Drug
NCT01776424,rivaroxaban,Drug
NCT00571649,rivaroxaban,Drug
NCT00494871,rivaroxaban,Drug
NCT01775189,oxycodone,Drug
NCT02969265,amlodipine,Drug
NCT03264352,amlodipine,Drug
NCT02965859,adefovir dipivoxil,Drug
NCT02965859,adefovir,Drug
NCT02969655,darbepoetin alfa,Drug
NCT02969655,erythropoietin,Drug
NCT04104646,morphine,Drug
NCT04101136,atorvastatin,Drug
NCT01729754,etanercept,Drug
NCT01723735,ezetimibe,Drug
NCT00423488,ezetimibe,Drug
NCT01728324,ribavirin,Drug
NCT01728324,faldaprevir,Drug
NCT03033342,omeprazole,Drug
NCT03038100,atezolizumab,Drug
NCT03125902,atezolizumab,Drug
NCT02908672,atezolizumab,Drug
NCT00473486,pemetrexed,Drug
NCT00473486,carboplatin,Drug
NCT00472303,pentaerythritol tetranitrate,Drug
NCT00472303,tapentadol,Drug
NCT00479557,phosphate ion,Drug
NCT00471068,timolol,Drug
NCT03001557,lemborexant,Drug
NCT02783729,lemborexant,Drug
NCT03000439,tofacitinib,Drug
NCT01059994,sildenafil,Drug
NCT00512525,lenomorelin,Drug
NCT00518765,aliskiren,Drug
NCT00518895,dacarbazine,Drug
NCT00851591,plantago seed,Drug
NCT00859027,risedronic acid,Drug
NCT00855062,minocycline,Drug
NCT00856063,atomoxetine,Drug
NCT00850577,bevacizumab,Drug
NCT00851045,bevacizumab,Drug
NCT01271478,captopril,Drug
NCT01271478,telmisartan,Drug
NCT01278745,tacrolimus,Drug
NCT01278407,donepezil,Drug
NCT01272635,prednisolone,Drug
NCT00796250,prednisolone,Drug
NCT00264797,methylphenidate,Drug
NCT00269542,folic acid,Drug
NCT00261937,furosemide,Drug
NCT00261443,valproic acid,Drug
NCT04448119,favipiravir,Drug
NCT03431987,ethanol,Drug
NCT03431987,medical cannabis,Drug
NCT03882047,mometasone,Drug
NCT03882047,mometasone furoate,Drug
NCT03882047,fluticasone propionate,Drug
NCT03882047,fluticasone,Drug
NCT02094937,fluticasone propionate,Drug
NCT02094937,fluticasone,Drug
NCT03882255,propranolol,Drug
NCT02313922,etanercept,Drug
NCT02313922,methotrexate,Drug
NCT02317341,midazolam,Drug
NCT03086486,linezolid,Drug
NCT02066402,linezolid,Drug
NCT03088254,telmisartan,Drug
NCT03088254,rosuvastatin,Drug
NCT03088254,amlodipine,Drug
NCT03088254,telmisartan,Drug
NCT03088254,rosuvastatin,Drug
NCT01643252,riboflavin,Drug
NCT02757313,medical cannabis,Drug
NCT02759185,medical cannabis,Drug
NCT03191084,medical cannabis,Drug
NCT02755753,rebamipide,Drug
NCT02563782,mycophenolate mofetil,Drug
NCT02563782,tacrolimus,Drug
NCT02563782,mycophenolic acid,Drug
NCT02563782,phenol,Drug
NCT01991197,sitagliptin,Drug
NCT01991197,gliclazide,Drug
NCT01999686,metformin,Drug
NCT01490918,metformin,Drug
NCT02491333,metformin,Drug
NCT01999114,moxifloxacin,Drug
NCT01999114,naltrexone,Drug
NCT03100942,rutin,Drug
NCT03106363,dronabinol,Drug
NCT03106363,cannabinol,Drug
NCT03106363,ethanol,Drug
NCT03311594,ethanol,Drug
NCT03103152,acetylsalicylic acid,Drug
NCT03103152,acetylsalicylic acid,Drug
NCT03103152,acetylsalicylic acid,Drug
NCT03103152,acetylsalicylic acid,Drug
NCT01787396,metformin,Drug
NCT04580355,amoxicillin,Drug
NCT02332577,amoxicillin,Drug
NCT00933049,amoxicillin,Drug
NCT04580355,metronidazole,Drug
NCT00257699,metronidazole,Drug
NCT02827578,solifenacin,Drug
NCT01767519,solifenacin,Drug
NCT02828020,ubrogepant,Drug
NCT02873221,ubrogepant,Drug
NCT02867709,ubrogepant,Drug
NCT02706951,upadacitinib,Drug
NCT04430855,upadacitinib,Drug
NCT02706951,methotrexate,Drug
NCT01976364,methotrexate,Drug
NCT02704481,mifepristone,Drug
NCT02704481,misoprostol,Drug
NCT02351700,ibuprofen,Drug
NCT02350309,lemborexant,Drug
NCT01243424,linagliptin,Drug
NCT01438814,linagliptin,Drug
NCT02792400,linagliptin,Drug
NCT02453555,linagliptin,Drug
NCT01422876,linagliptin,Drug
NCT00740051,linagliptin,Drug
NCT01243424,glimepiride,Drug
NCT01682759,glimepiride,Drug
NCT02985242,glimepiride,Drug
NCT01863667,glimepiride,Drug
NCT01241097,simvastatin,Drug
NCT01241097,ezetimibe,Drug
NCT01245816,ornithine,Drug
NCT01245816,eflornithine,Drug
NCT01245816,sulindac,Drug
NCT00774813,citalopram,Drug
NCT00770367,pioglitazone,Drug
NCT00770484,propranolol,Drug
NCT00772837,omeprazole,Drug
NCT01966276,triethylenetetramine,Drug
NCT01965522,melatonin,Drug
NCT01969617,nalmefene,Drug
NCT01969747,empagliflozin,Drug
NCT01969747,empagliflozin,Drug
NCT01969747,empagliflozin,Drug
NCT01965431,faldaprevir,Drug
NCT01960413,hydroxyurea,Drug
NCT01968382,skim milk,Drug
NCT03487406,acetylsalicylic acid,Drug
NCT03820466,acetylsalicylic acid,Drug
NCT00135226,acetylsalicylic acid,Drug
NCT03487406,ticagrelor,Drug
NCT04360187,crisaborole,Drug
NCT04364997,venlafaxine,Drug
NCT04364997,duloxetine,Drug
NCT04364997,desvenlafaxine,Drug
NCT04364997,chlorine,Drug
NCT04364997,chloride ion,Drug
NCT04364997,venlafaxine,Drug
NCT04364997,duloxetine,Drug
NCT04364997,desvenlafaxine,Drug
NCT04364997,chlorine,Drug
NCT04364997,chloride ion,Drug
NCT04364997,duloxetine,Drug
NCT04364997,chlorine,Drug
NCT04364997,chloride ion,Drug
NCT02002000,cholecalciferol,Drug
NCT02002000,vitamin d,Drug
NCT03408574,mecamylamine,Drug
NCT02021474,phenol,Drug
NCT02021474,chlorine,Drug
NCT02021474,chloride ion,Drug
NCT00805662,oxytocin,Drug
NCT00807248,citalopram,Drug
NCT00807248,escitalopram,Drug
NCT02532660,citalopram,Drug
NCT02532660,escitalopram,Drug
NCT00806754,azelastine,Drug
NCT00806754,ciclesonide,Drug
NCT00807807,folic acid,Drug
NCT00804193,ciclopirox,Drug
NCT04482413,donepezil,Drug
NCT04482413,donepezil,Drug
NCT01433107,terbinafine,Drug
NCT01438814,metformin,Drug
NCT01890122,metformin,Drug
NCT02497313,metformin,Drug
NCT01023581,metformin,Drug
NCT01512979,metformin,Drug
NCT00966914,cisplatin,Drug
NCT00966914,paclitaxel,Drug
NCT00966914,docetaxel,Drug
NCT03667677,amlodipine,Drug
NCT03667677,amlodipine,Drug
NCT03667677,amlodipine,Drug
NCT03664180,bivalirudin,Drug
NCT03664180,heparin,Drug
NCT01191255,sevelamer,Drug
NCT01191255,activated charcoal,Drug
NCT01191255,acetate,Drug
NCT01191255,tetraferric tricitrate decahydrate,Drug
NCT01191255,carbonate ion,Drug
NCT01195363,quetiapine,Drug
NCT01197534,fostamatinib,Drug
NCT01197521,fostamatinib,Drug
NCT04377646,chloroquine,Drug
NCT04377646,hydroxychloroquine,Drug
NCT04377646,chlorine,Drug
NCT00799643,salsalate,Drug
NCT00794040,methylphenidate,Drug
NCT00797667,telcagepant,Drug
NCT00797667,telcagepant,Drug
NCT00793858,ciclesonide,Drug
NCT00796289,clomifene,Drug
NCT00296465,clomifene,Drug
NCT00799760,oseltamivir,Drug
NCT00799760,zanamivir,Drug
NCT00799760,oseltamivir,Drug
NCT00799760,zanamivir,Drug
NCT02553603,somatotropin,Drug
NCT02190526,amitriptyline,Drug
NCT02198170,ketoconazole,Drug
NCT02198170,ketoconazole,Drug
NCT02196142,mannitol,Drug
NCT03775902,glimepiride,Drug
NCT03775902,nicorandil,Drug
NCT02802215,folic acid,Drug
NCT02800148,azelaic acid,Drug
NCT02802514,exenatide,Drug
NCT02802813,primaquine,Drug
NCT02802813,artenimol,Drug
NCT02802813,artemisinin,Drug
NCT02807103,cyclophosphamide,Drug
NCT01554319,phosphate ion,Drug
NCT01554683,levetiracetam,Drug
NCT01554683,etiracetam,Drug
NCT03829904,"starch, corn",Drug
NCT03820466,atorvastatin,Drug
NCT00065806,atorvastatin,Drug
NCT00108355,midodrine,Drug
NCT00108355,octreotide,Drug
NCT00103857,metformin,Drug
NCT00100178,mycophenolic acid,Drug
NCT00100178,phenol,Drug
NCT00100230,doconexent,Drug
NCT00102908,zoledronic acid,Drug
NCT00104299,cyclophosphamide,Drug
NCT00104299,cyclophosphamide,Drug
NCT00101712,vildagliptin,Drug
NCT01444131,varenicline,Drug
NCT01442688,amoxicillin,Drug
NCT01441505,midazolam,Drug
NCT01441986,dextromethorphan,Drug
NCT01449578,pramipexole,Drug
NCT01511029,pramipexole,Drug
NCT01147744,montelukast,Drug
NCT01147744,fluticasone propionate,Drug
NCT01147744,fluticasone,Drug
NCT01147640,meropenem,Drug
NCT01140620,risperidone,Drug
NCT01147458,naproxen,Drug
NCT02712957,naproxen,Drug
NCT01140828,rabeprazole,Drug
NCT04215653,rabeprazole,Drug
NCT01146600,clarithromycin,Drug
NCT01146600,clarithromycin,Drug
NCT01204723,aprepitant,Drug
NCT01209078,linezolid,Drug
NCT02269644,linezolid,Drug
NCT02426918,linezolid,Drug
NCT01128530,linezolid,Drug
NCT01201759,salsalate,Drug
NCT01200732,tadalafil,Drug
NCT01204775,saxagliptin,Drug
NCT01204775,metformin,Drug
NCT00186082,cefotetan,Drug
NCT00186082,cefoxitin,Drug
NCT04385082,medical cannabis,Drug
NCT04605393,medical cannabis,Drug
NCT02595723,phenytoin,Drug
NCT02594111,colchicine,Drug
NCT02598297,ruxolitinib,Drug
NCT03751657,insulin glargine,Drug
NCT04575181,insulin glargine,Drug
NCT00570739,metformin,Drug
NCT00570739,colesevelam,Drug
NCT00570739,colesevelam,Drug
NCT00571675,prednisone,Drug
NCT00571675,docetaxel,Drug
NCT02783729,zolpidem,Drug
NCT02789592,melatonin,Drug
NCT02789592,clonazepam,Drug
NCT01806792,risedronic acid,Drug
NCT01806792,risedronic acid,Drug
NCT03155893,moxifloxacin,Drug
NCT03158025,lemborexant,Drug
NCT03158025,zolpidem,Drug
NCT03158025,suvorexant,Drug
NCT01292460,timolol,Drug
NCT01292460,tafluprost,Drug
NCT01291433,clodronic acid,Drug
NCT00135226,omega-3 fatty acids,Drug
NCT00131378,somatotropin,Drug
NCT00135902,progesterone,Drug
NCT00351286,citrulline,Drug
NCT00359138,loratadine,Drug
NCT00359138,desloratadine,Drug
NCT00359138,cetirizine,Drug
NCT00359138,levocetirizine,Drug
NCT00356135,prasugrel,Drug
NCT00356135,clopidogrel,Drug
NCT00814268,clopidogrel,Drug
NCT00153062,clopidogrel,Drug
NCT00357279,chlorine,Drug
NCT00357279,chloride ion,Drug
NCT02247804,timolol,Drug
NCT02250651,timolol,Drug
NCT02240199,pregabalin,Drug
NCT02240199,lidocaine,Drug
NCT01684683,theophylline,Drug
NCT01686828,testosterone,Drug
NCT01686828,letrozole,Drug
NCT01685489,docetaxel,Drug
NCT01685801,ivacaftor,Drug
NCT00276081,gabapentin,Drug
NCT00272675,chlorhexidine,Drug
NCT00272675,chlorine,Drug
NCT00167154,risperidone,Drug
NCT00161486,testosterone,Drug
NCT02985242,empagliflozin,Drug
NCT02792400,empagliflozin,Drug
NCT02984930,omeprazole,Drug
NCT02984930,esomeprazole,Drug
NCT01215292,ketoconazole,Drug
NCT02147964,ketoconazole,Drug
NCT01216956,niacin,Drug
NCT01343628,atomoxetine,Drug
NCT01341782,paricalcitol,Drug
NCT01345864,donepezil,Drug
NCT01345864,donepezil,Drug
NCT01345864,donepezil,Drug
NCT01345864,donepezil,Drug
NCT01345864,donepezil,Drug
NCT01342016,tacrolimus,Drug
NCT01342016,leflunomide,Drug
NCT01349881,ornithine,Drug
NCT01349881,sulindac,Drug
NCT01349881,eflornithine,Drug
NCT01349881,ornithine,Drug
NCT01349881,sulindac,Drug
NCT01349881,eflornithine,Drug
NCT01349881,ornithine,Drug
NCT01349881,sulindac,Drug
NCT01349881,eflornithine,Drug
NCT01860703,deferiprone,Drug
NCT01469637,sulfamethoxazole,Drug
NCT01460654,alendronic acid,Drug
NCT00000412,alendronic acid,Drug
NCT01468038,trazodone,Drug
NCT01463098,zolpidem,Drug
NCT01468025,naproxen,Drug
NCT03767933,aniline,Drug
NCT03767933,hydromorphone,Drug
NCT04273516,rivaroxaban,Drug
NCT00203372,cyclophosphamide,Drug
NCT00203372,doxorubicin,Drug
NCT00203372,docetaxel,Drug
NCT00203112,acetate,Drug
NCT00240032,acetate,Drug
NCT00203307,olanzapine,Drug
NCT00203307,olanzapine,Drug
NCT00209859,cyclosporine,Drug
NCT02479256,tamoxifen,Drug
NCT02479256,clomifene,Drug
NCT00487591,simvastatin,Drug
NCT00488839,baclofen,Drug
NCT00488267,ketoprofen,Drug
NCT00482001,"starch, corn",Drug
NCT00001082,adefovir dipivoxil,Drug
NCT00001082,adefovir,Drug
NCT00005648,gemcitabine,Drug
NCT00000620,simvastatin,Drug
NCT00000620,fenofibrate,Drug
NCT00005975,megestrol acetate,Drug
NCT00005975,acetate,Drug
NCT00005975,megestrol acetate,Drug
NCT00005975,acetate,Drug
NCT00000437,naltrexone,Drug
NCT00000412,calcitriol,Drug
NCT00006994,l-glutamine,Drug
NCT00009217,haloperidol,Drug
NCT00000258,nitrous oxide,Drug
NCT00000258,nitrous oxide,Drug
NCT00000258,nitrous oxide,Drug
NCT00000817,amitriptyline,Drug
NCT00000817,chlorine,Drug
NCT00000817,chloride ion,Drug
NCT01704781,lenalidomide,Drug
NCT01708616,risperidone,Drug
NCT01450163,oxaliplatin,Drug
NCT01459419,chlorine,Drug
NCT01459419,chloride ion,Drug
NCT01584453,chlorine,Drug
NCT01584453,chloride ion,Drug
NCT00338780,lamivudine,Drug
NCT00334126,quetiapine,Drug
NCT00334126,paliperidone,Drug
NCT02347657,ivacaftor,Drug
NCT02340481,loperamide,Drug
NCT02340481,chlorine,Drug
NCT02340481,methicone (20 cst),Drug
NCT02340481,chloride ion,Drug
NCT02340481,loperamide,Drug
NCT02340481,chlorine,Drug
NCT02340481,chloride ion,Drug
NCT01934777,pearl (hyriopsis cumingii),Drug
NCT02531516,bicalutamide,Drug
NCT02531516,apalutamide,Drug
NCT02538081,risperidone,Drug
NCT02532335,cholic acid,Drug
NCT02532335,obeticholic acid,Drug
NCT02155881,ciclesonide,Drug
NCT02157571,levofloxacin,Drug
NCT02157571,ofloxacin,Drug
NCT02439632,levofloxacin,Drug
NCT02439632,ofloxacin,Drug
NCT02152332,atabecestat,Drug
NCT02152332,moxifloxacin,Drug
NCT03719313,lonafarnib,Drug
NCT03717909,valproic acid,Drug
NCT02182557,ketotifen,Drug
NCT02182544,ketotifen,Drug
NCT02183220,metamizole,Drug
NCT02187536,telmisartan,Drug
NCT01914432,telmisartan,Drug
NCT02181920,diclofenac,Drug
NCT02181920,metamizole,Drug
NCT02188953,activated charcoal,Drug
NCT02188953,carbonate ion,Drug
NCT02187588,ibuprofen,Drug
NCT00292747,ibuprofen,Drug
NCT00528658,ibuprofen,Drug
NCT02183038,meloxicam,Drug
NCT02183038,meloxicam,Drug
NCT02183038,naproxen,Drug
NCT03522506,modafinil,Drug
NCT03521154,osimertinib,Drug
NCT02584257,salbutamol,Drug
NCT02586311,amlodipine,Drug
NCT02586961,betamethasone,Drug
NCT02583451,lemborexant,Drug
NCT02583451,zopiclone,Drug
NCT00387413,duloxetine,Drug
NCT00863057,duloxetine,Drug
NCT00385684,hydrocodone,Drug
NCT00385684,hydrocodone,Drug
NCT02797587,varenicline,Drug
NCT02792231,teriflunomide,Drug
NCT02792218,teriflunomide,Drug
NCT02796378,simvastatin,Drug
NCT02796378,simvastatin,Drug
NCT00818805,olopatadine,Drug
NCT00818805,tranilast,Drug
NCT00813449,dacarbazine,Drug
NCT00819910,rosiglitazone,Drug
NCT00819910,fenofibrate,Drug
NCT02406287,netarsudil,Drug
NCT02402049,sodium chloride,Drug
NCT02402049,estrone,Drug
NCT02407119,omeprazole,Drug
NCT02407119,rabeprazole,Drug
NCT02407119,clarithromycin,Drug
NCT00251134,olea europaea leaf,Drug
NCT00255372,lactulose,Drug
NCT00256854,ropinirole,Drug
NCT00256854,ropinirole,Drug
NCT00256854,ropinirole,Drug
NCT00256854,ropinirole,Drug
NCT00251732,rabeprazole,Drug
NCT00254254,exenatide,Drug
NCT00254254,exenatide,Drug
NCT00254254,exenatide,Drug
NCT04194775,lenvatinib,Drug
NCT04199468,dronabinol,Drug
NCT04199468,ketamine,Drug
NCT04176419,ketamine,Drug
NCT03395197,enzalutamide,Drug
NCT03332524,ibuprofen,Drug
NCT03332524,chlorpheniramine,Drug
NCT03332524,pheniramine,Drug
NCT03332524,chlorine,Drug
NCT00362232,rivaroxaban,Drug
NCT00361257,tetracycline,Drug
NCT00361257,tetraiodothyroacetic acid,Drug
NCT01658501,chlorine,Drug
NCT01658501,chloride ion,Drug
NCT02876601,chlorine,Drug
NCT02876601,chloride ion,Drug
NCT01941576,chlorine,Drug
NCT01941576,chloride ion,Drug
NCT01655199,salbutamol,Drug
NCT01360788,salbutamol,Drug
NCT01651871,cetirizine,Drug
NCT01653990,moxifloxacin,Drug
NCT01656187,memantine,Drug
NCT03566134,solifenacin,Drug
NCT01636401,clidinium,Drug
NCT01631227,eprosartan,Drug
NCT01631227,eprosartan,Drug
NCT01632904,ruxolitinib,Drug
NCT04222010,ropivacaine,Drug
NCT04222010,ropivacaine,Drug
NCT03260153,chlorine,Drug
NCT03260153,chloride ion,Drug
NCT03264352,chlorothiazide,Drug
NCT03264352,hydrochlorothiazide,Drug
NCT03264352,chlorine,Drug
NCT00299286,lapatinib,Drug
NCT00299286,rivoceranib,Drug
NCT00299533,omega-3 fatty acids,Drug
NCT00291642,cetirizine,Drug
NCT00291642,levocetirizine,Drug
NCT00291642,cetirizine,Drug
NCT00296868,ascorbic acid,Drug
NCT00292747,drotaverine,Drug
NCT02017249,silicon dioxide,Drug
NCT02017249,microcrystalline cellulose,Drug
NCT00121381,pimecrolimus,Drug
NCT00128479,mifepristone,Drug
NCT00127335,atorvastatin,Drug
NCT00127335,microcrystalline cellulose,Drug
NCT00493220,ceftriaxone,Drug
NCT03185819,midazolam,Drug
NCT03184324,omeprazole,Drug
NCT03184324,esomeprazole,Drug
NCT04282954,omeprazole,Drug
NCT04282954,esomeprazole,Drug
NCT02743949,omeprazole,Drug
NCT02743949,esomeprazole,Drug
NCT01019707,atomoxetine,Drug
NCT01013103,atorvastatin,Drug
NCT01018511,tamsulosin,Drug
NCT01018511,chlorine,Drug
NCT01018511,chloride ion,Drug
NCT01018511,tamsulosin,Drug
NCT01018511,solifenacin,Drug
NCT01018511,chlorine,Drug
NCT01018511,chloride ion,Drug
NCT01018511,tamsulosin,Drug
NCT01018511,solifenacin,Drug
NCT01018511,chlorine,Drug
NCT01018511,chloride ion,Drug
NCT01015807,bupivacaine,Drug
NCT01015807,clonidine,Drug
NCT00860925,clonidine,Drug
NCT01092143,fluticasone,Drug
NCT01098383,donepezil,Drug
NCT01091051,chlorine,Drug
NCT01091051,chloride ion,Drug
NCT03378661,benznidazole,Drug
NCT03371498,prednisolone,Drug
NCT03371498,methylprednisolone,Drug
NCT02737059,codeine,Drug
NCT02737059,naloxegol,Drug
NCT02738541,phosphate ion,Drug
NCT02439320,lasmiditan,Drug
NCT02437318,alpelisib,Drug
NCT04593108,misoprostol,Drug
NCT04594018,finasteride,Drug
NCT04594694,bezafibrate,Drug
NCT04594694,bezafibrate,Drug
NCT04594733,minocycline,Drug
NCT04594733,minocycline,Drug
NCT04591990,hydrocortisone,Drug
NCT00552097,simvastatin,Drug
NCT03048825,colchicine,Drug
NCT03048825,spironolactone,Drug
NCT01266811,dexamethasone,Drug
NCT01264770,fostamatinib,Drug
NCT01266772,budesonide,Drug
NCT01266772,desonide,Drug
NCT01263015,lamivudine,Drug
NCT01263015,abacavir,Drug
NCT00118898,lamivudine,Drug
NCT00118898,abacavir,Drug
NCT01263015,dolutegravir,Drug
NCT01265563,cysteine,Drug
NCT01265563,acetylcysteine,Drug
NCT01265563,cysteine,Drug
NCT01265563,acetylcysteine,Drug
NCT01265563,cysteine,Drug
NCT01265563,acetylcysteine,Drug
NCT01263080,folic acid,Drug
NCT01263080,mirtazapine,Drug
NCT00118950,metformin,Drug
NCT00118950,repaglinide,Drug
NCT00118508,risedronic acid,Drug
NCT00118963,metformin,Drug
NCT00118963,repaglinide,Drug
NCT03748953,ixazomib,Drug
NCT02813824,acetylsalicylic acid,Drug
NCT02811484,exenatide,Drug
NCT02811484,dapagliflozin,Drug
NCT02811939,dronabinol,Drug
NCT03655717,dronabinol,Drug
NCT02816736,valsartan,Drug
NCT02480764,valsartan,Drug
NCT03677336,dydrogesterone,Drug
NCT03677336,progesterone,Drug
NCT03671330,ribociclib,Drug
NCT02422615,ribociclib,Drug
NCT01186991,bevacizumab,Drug
NCT03814733,alprazolam,Drug
NCT03814733,ketamine,Drug
NCT02106975,"dextrose, unspecified form",Drug
NCT00751205,prednisone,Drug
NCT00751205,prednisolone,Drug
NCT00754039,fenofibrate,Drug
NCT00753558,gentamicin,Drug
NCT00753558,colistin,Drug
NCT00755482,dextran,Drug
NCT00753779,simvastatin,Drug
NCT00753779,colesevelam,Drug
NCT00754988,sitagliptin,Drug
NCT00755352,pravastatin,Drug
NCT00754507,colesevelam,Drug
NCT00754507,atorvastatin,Drug
NCT00753740,"dextrose, unspecified form",Drug
NCT00921518,chlorine,Drug
NCT00921518,chloride ion,Drug
NCT00921050,levothyroxine,Drug
NCT00921050,oxyquinoline,Drug
NCT00926809,lansoprazole,Drug
NCT00927654,chlorine,Drug
NCT00927654,chloride ion,Drug
NCT03164473,azathioprine,Drug
NCT03168295,dapagliflozin,Drug
NCT01304901,montelukast,Drug
NCT01300988,aprepitant,Drug
NCT00956215,aprepitant,Drug
NCT00706121,selenium,Drug
NCT00784225,selenium,Drug
NCT00709371,zonisamide,Drug
NCT00709371,bupropion,Drug
NCT00709371,zonisamide,Drug
NCT00709371,bupropion,Drug
NCT00709371,zonisamide,Drug
NCT00709371,bupropion,Drug
NCT00709371,zonisamide,Drug
NCT00709371,bupropion,Drug
NCT00702845,follitropin,Drug
NCT00702546,follitropin,Drug
NCT00702845,follitropin,Drug
NCT00702624,follitropin,Drug
NCT00702546,follitropin,Drug
NCT00701389,sumatriptan,Drug
NCT00701389,telcagepant,Drug
NCT00708500,boceprevir,Drug
NCT01482403,boceprevir,Drug
NCT00702624,follitropin,Drug
NCT00701246,folic acid,Drug
NCT00707070,efalizumab,Drug
NCT00704847,salmon calcitonin,Drug
NCT00704847,"salmon, unspecified",Drug
NCT00443170,midazolam,Drug
NCT00447915,ibandronate,Drug
NCT00447226,lapatinib,Drug
NCT00447226,rivoceranib,Drug
NCT00440687,sodium bicarbonate,Drug
NCT00440687,fluticasone,Drug
NCT03806530,gabapentin,Drug
NCT01495923,gabapentin,Drug
NCT04176419,gabapentin,Drug
NCT03806530,ropinirole,Drug
NCT00680056,formoterol,Drug
NCT00687076,ezetimibe,Drug
NCT02634580,ezetimibe,Drug
NCT01220414,naltrexone,Drug
NCT01221831,estradiol,Drug
NCT01221831,dienogest,Drug
NCT01221831,estradiol valerate,Drug
NCT01222702,vancomycin,Drug
NCT00039988,salbutamol,Drug
NCT00030901,methionine,Drug
NCT00030901,n-acetylmethionine,Drug
NCT00030901,selenium,Drug
NCT01893151,iguratimod,Drug
NCT01899755,chlorine,Drug
NCT01899755,chloride ion,Drug
NCT01890122,metformin,Drug
NCT01890122,alogliptin,Drug
NCT01711359,baricitinib,Drug
NCT01710358,baricitinib,Drug
NCT01716221,bupropion,Drug
NCT01716221,citalopram,Drug
NCT01712464,oxytocin,Drug
NCT01710644,water,Drug
NCT01715285,abiraterone,Drug
NCT01715285,acetate,Drug
NCT03630614,varenicline,Drug
NCT03630614,varenicline,Drug
NCT02972840,mechlorethamine,Drug
NCT02972840,bendamustine,Drug
NCT02972268,tamsulosin,Drug
NCT02972268,solifenacin,Drug
NCT02972294,tranexamic acid,Drug
NCT02970669,valsartan,Drug
NCT02970669,sacubitril,Drug
NCT02970669,enalapril,Drug
NCT02972398,cysteine,Drug
NCT02972398,acetylcysteine,Drug
NCT04094519,enzalutamide,Drug
NCT04518982,lenalidomide,Drug
NCT04517110,pregabalin,Drug
NCT04517110,pregabalin,Drug
NCT02504216,rivaroxaban,Drug
NCT02505087,cysteine,Drug
NCT02505087,acetylcysteine,Drug
NCT02505087,cysteine,Drug
NCT02505087,acetylcysteine,Drug
NCT03649633,chlorine,Drug
NCT03649633,chloride ion,Drug
NCT03649698,omega-3 fatty acids,Drug
NCT03644576,ozanimod,Drug
NCT02047734,ozanimod,Drug
NCT03694119,ozanimod,Drug
NCT02336516,"dextrose, unspecified form",Drug
NCT02332577,pristinamycin,Drug
NCT02332824,candesartan cilexetil,Drug
NCT04215835,misoprostol,Drug
NCT04217265,misoprostol,Drug
NCT04219865,edaravone,Drug
NCT04219865,edaravone,Drug
NCT04219865,edaravone,Drug
NCT04219865,edaravone,Drug
NCT04219865,edaravone,Drug
NCT02453555,linagliptin,Drug
NCT02453555,empagliflozin,Drug
NCT02453932,donepezil,Drug
NCT02453932,donepezil,Drug
NCT02451098,ezetimibe,Drug
NCT02451098,atorvastatin,Drug
NCT02451098,ezetimibe,Drug
NCT02451098,atorvastatin,Drug
NCT02451098,ezetimibe,Drug
NCT02451098,atorvastatin,Drug
NCT01916226,cetirizine,Drug
NCT01915901,bismuth subsalicylate,Drug
NCT01918332,valsartan,Drug
NCT01918332,rosuvastatin,Drug
NCT02770261,rosuvastatin,Drug
NCT01914432,rosuvastatin,Drug
NCT01910285,sufentanil,Drug
NCT01910285,fentanyl,Drug
NCT01910285,remifentanil,Drug
NCT01910285,sufentanil,Drug
NCT01910285,fentanyl,Drug
NCT01910285,remifentanil,Drug
NCT02047552,oxandrolone,Drug
NCT02049268,ethanol,Drug
NCT02049268,ethanol,Drug
NCT01928628,valsartan,Drug
NCT01928628,lercanidipine,Drug
NCT01928628,valsartan,Drug
NCT01928628,lercanidipine,Drug
NCT01929317,ropinirole,Drug
NCT01920555,midazolam,Drug
NCT01928433,finafloxacin,Drug
NCT01928433,finafloxacin,Drug
NCT01928433,ciprofloxacin,Drug
NCT01928433,ofloxacin,Drug
NCT01928433,ciprofloxacin,Drug
NCT01928433,ofloxacin,Drug
NCT00525330,metformin,Drug
NCT00525330,metformin,Drug
NCT00525330,metformin,Drug
NCT00527605,dutasteride,Drug
NCT00524381,chlorine,Drug
NCT00524381,chloride ion,Drug
NCT02308449,chlorine,Drug
NCT02308449,chloride ion,Drug
NCT00528658,acetaminophen,Drug
NCT02267057,acetaminophen,Drug
NCT01746979,"dextrose, unspecified form",Drug
NCT01744236,exenatide,Drug
NCT02328521,nicorandil,Drug
NCT00716092,linagliptin,Drug
NCT00716092,sitagliptin,Drug
NCT04017832,sitagliptin,Drug
NCT00716807,nalbuphine,Drug
NCT00713479,varenicline,Drug
NCT00710021,cholecalciferol,Drug
NCT00715273,niacin,Drug
NCT00715273,colesevelam,Drug
NCT01762800,fluticasone propionate,Drug
NCT01762800,salmeterol,Drug
NCT01762800,fluticasone,Drug
NCT01763996,febuxostat,Drug
NCT02128490,febuxostat,Drug
NCT02139046,febuxostat,Drug
NCT02121756,dipyridamole,Drug
NCT00603317,clavulanic acid,Drug
NCT00603317,amoxicillin,Drug
NCT00603317,clavulanic acid,Drug
NCT00603317,amoxicillin,Drug
NCT00604812,rizatriptan,Drug
NCT00604812,rizatriptan,Drug
NCT03937219,cabozantinib,Drug
NCT00536068,diclofenac,Drug
NCT00536068,naproxen,Drug
NCT00536068,aniline,Drug
NCT00539149,amoxicillin,Drug
NCT00539240,rabeprazole,Drug
NCT00539240,rabeprazole,Drug
NCT00539240,rabeprazole,Drug
NCT04528056,sulfasalazine,Drug
NCT04528056,ambrisentan,Drug
NCT02683187,sitagliptin,Drug
NCT02689713,water,Drug
NCT02683018,medical cannabis,Drug
NCT02675842,medical cannabis,Drug
NCT02689362,sitagliptin,Drug
NCT00838903,sitagliptin,Drug
NCT04082715,celecoxib,Drug
NCT00597909,"dextrose, unspecified form",Drug
NCT00593177,teriparatide,Drug
NCT00594581,avotermin,Drug
NCT03313076,cholecalciferol,Drug
NCT03313076,vitamin d,Drug
NCT03313076,omega-3 fatty acids,Drug
NCT01878526,alginic acid,Drug
NCT02132026,alendronic acid,Drug
NCT02137837,anastrozole,Drug
NCT02137837,everolimus,Drug
NCT02956538,thalidomide,Drug
NCT02951130,"dextrose, unspecified form",Drug
NCT02954068,oxytocin,Drug
NCT02954068,oxytocin,Drug
NCT02262169,omeprazole,Drug
NCT03367195,omeprazole,Drug
NCT02267057,buprenorphine,Drug
NCT02262546,pramipexole,Drug
NCT00427934,maraviroc,Drug
NCT00423488,simvastatin,Drug
NCT00425451,flurbiprofen,Drug
NCT00425451,chlorhexidine,Drug
NCT00425451,chlorine,Drug
NCT00424047,dexamethasone,Drug
NCT00781482,eszopiclone,Drug
NCT00781482,zolpidem,Drug
NCT00781482,zopiclone,Drug
NCT00781391,warfarin,Drug
NCT00781391,edoxaban,Drug
NCT00785811,arginine,Drug
NCT00785811,insulin aspart,Drug
NCT00786994,petrolatum,Drug
NCT00780234,pioglitazone,Drug
NCT00783601,montelukast,Drug
NCT03509350,ascorbic acid,Drug
NCT03509350,thiamine,Drug
NCT03509350,hydrocortisone,Drug
NCT03506763,diclofenac,Drug
NCT03509285,alprazolam,Drug
NCT03509285,cenobamate,Drug
NCT04316598,medical cannabis,Drug
NCT04490993,epirubicin,Drug
NCT04257656,remdesivir,Drug
NCT04252664,remdesivir,Drug
NCT04259060,butyric acid,Drug
NCT04253912,povidone,Drug
NCT01567670,naloxone,Drug
NCT01568892,dolutegravir,Drug
NCT04118010,cholecalciferol,Drug
NCT03193944,cholecalciferol,Drug
NCT01164579,methotrexate,Drug
NCT01164579,tofacitinib,Drug
NCT01168791,doxorubicin,Drug
NCT01160289,tadalafil,Drug
NCT01167764,tranexamic acid,Drug
NCT00893581,quetiapine,Drug
NCT00892047,venlafaxine,Drug
NCT00896558,midazolam,Drug
NCT04451330,doxycycline,Drug
NCT04458324,buspirone,Drug
NCT00584987,fluticasone furoate,Drug
NCT00584987,fluticasone,Drug
NCT00584987,oxymetazoline,Drug
NCT00580931,boscalid,Drug
NCT00582582,docetaxel,Drug
NCT00585559,cysteine,Drug
NCT00585559,acetylcysteine,Drug
NCT00585559,aniline,Drug
NCT00585559,cysteine,Drug
NCT00585559,acetylcysteine,Drug
NCT00583258,alfuzosin,Drug
NCT04262193,suvorexant,Drug
NCT04269200,olaparib,Drug
NCT04269993,medical cannabis,Drug
NCT02899026,prednisone,Drug
NCT02894710,"dextrose, unspecified form",Drug
NCT03625531,letrozole,Drug
NCT01502280,ascorbic acid,Drug
NCT01503060,lidocaine,Drug
NCT01501747,acetaminophen,Drug
NCT01501747,ibuprofen,Drug
NCT01501162,ethanol,Drug
NCT01506986,lansoprazole,Drug
NCT01506986,metronidazole,Drug
NCT01506986,clarithromycin,Drug
NCT00626106,fulvestrant,Drug
NCT00626106,exemestane,Drug
NCT00623376,nabilone,Drug
NCT00626522,clidinium,Drug
NCT00626522,formoterol,Drug
NCT00622284,glimepiride,Drug
NCT00626392,acetylsalicylic acid,Drug
NCT00625209,drotrecogin alfa,Drug
NCT00626743,amlodipine,Drug
NCT00375713,cetirizine,Drug
NCT00375713,levocetirizine,Drug
NCT00375713,cetirizine,Drug
NCT00377364,aniline,Drug
NCT00371592,acyclovir,Drug
NCT00076232,acyclovir,Drug
NCT02445508,sevelamer,Drug
NCT04166786,testosterone,Drug
NCT04165122,valaciclovir,Drug
NCT04165122,acyclovir,Drug
NCT04167813,ondansetron,Drug
NCT03512197,midostaurin,Drug
NCT03518125,chlorine,Drug
NCT03518125,chloride ion,Drug
NCT04605588,nitazoxanide,Drug
NCT04605588,ribavirin,Drug
NCT04605588,chloroquine,Drug
NCT04605588,hydroxychloroquine,Drug
NCT04605588,chlorine,Drug
NCT04603391,methylphenidate,Drug
NCT04603391,cannabidiol,Drug
NCT04603066,ondansetron,Drug
NCT04606316,nivolumab,Drug
NCT04606316,ipilimumab,Drug
NCT01755520,ticagrelor,Drug
NCT01755520,acetylsalicylic acid,Drug
NCT01751321,sitagliptin,Drug
NCT01752543,"dextrose, unspecified form",Drug
NCT02524249,"dextrose, unspecified form",Drug
NCT02542254,salbutamol,Drug
NCT02546765,propofol,Drug
NCT02546765,dexmedetomidine,Drug
NCT02546765,medetomidine,Drug
NCT02546648,tranexamic acid,Drug
NCT02548741,activated charcoal,Drug
NCT02548741,carbonate ion,Drug
NCT00977938,acetylsalicylic acid,Drug
NCT00954707,acetylsalicylic acid,Drug
NCT00979576,pemetrexed,Drug
NCT00976937,lixisenatide,Drug
NCT00976105,zolpidem,Drug
NCT01230424,chlorine,Drug
NCT01230424,chloride ion,Drug
NCT01234649,metformin,Drug
NCT01231516,raltegravir,Drug
NCT01231607,dutasteride,Drug
NCT01235130,soybean oil,Drug
NCT01110382,meropenem,Drug
NCT01110382,doripenem,Drug
NCT01110421,doripenem,Drug
NCT01110408,doripenem,Drug
NCT01114750,dextran,Drug
NCT01110421,cefepime,Drug
NCT01110408,cefepime,Drug
NCT01115140,metformin,Drug
NCT01021579,metformin,Drug
NCT00074412,nevirapine,Drug
NCT00074399,nevirapine,Drug
NCT01625286,paclitaxel,Drug
NCT01621022,bupropion,Drug
NCT01621022,bupropion,Drug
NCT01425801,salbutamol,Drug
NCT04338061,teriflunomide,Drug
NCT04338022,teriflunomide,Drug
NCT04338061,rutin,Drug
NCT04338022,rutin,Drug
NCT04334928,emtricitabine,Drug
NCT04334928,chloroquine,Drug
NCT04334928,hydroxychloroquine,Drug
NCT04334928,chlorine,Drug
NCT00614328,baclofen,Drug
NCT00614328,naltrexone,Drug
NCT02633878,progesterone,Drug
NCT02633878,progesterone,Drug
NCT02633878,progesterone,Drug
NCT02632747,empagliflozin,Drug
NCT02639520,fosfomycin,Drug
NCT02639520,tromethamine,Drug
NCT04122170,chlorine,Drug
NCT04122170,chloride ion,Drug
NCT02876601,chlorine,Drug
NCT02876601,chloride ion,Drug
NCT02902861,methotrexate,Drug
NCT02905760,furosemide,Drug
NCT02906644,lorcaserin,Drug
NCT02908672,vemurafenib,Drug
NCT02093962,pemetrexed,Drug
NCT02094937,fluticasone furoate,Drug
NCT02094937,fluticasone,Drug
NCT02487498,umeclidinium,Drug
NCT02487498,vilanterol,Drug
NCT02488538,fluoxetine,Drug
NCT02487446,umeclidinium,Drug
NCT02487446,vilanterol,Drug
NCT02488889,varenicline,Drug
NCT02488889,ethanol,Drug
NCT00285805,rosiglitazone,Drug
NCT00288769,cyanocobalamin,Drug
NCT00288769,thiamine,Drug
NCT00229008,ceftobiprole,Drug
NCT00210964,ceftobiprole,Drug
NCT00224588,ketamine,Drug
NCT03023111,miltefosine,Drug
NCT03022201,domperidone,Drug
NCT03222765,metformin,Drug
NCT03222765,linagliptin,Drug
NCT00900783,valaciclovir,Drug
NCT00900783,acyclovir,Drug
NCT00903357,montelukast,Drug
NCT00904202,gabapentin,Drug
NCT03914118,modafinil,Drug
NCT03914404,lipoic acid,Drug
NCT03914404,lipoic acid,Drug
NCT01353729,moxifloxacin,Drug
NCT01353729,zanamivir,Drug
NCT01353729,moxifloxacin,Drug
NCT01353729,zanamivir,Drug
NCT01353729,moxifloxacin,Drug
NCT01353729,zanamivir,Drug
NCT01353729,moxifloxacin,Drug
NCT01353729,zanamivir,Drug
NCT04182321,entecavir,Drug
NCT03062813,entecavir,Drug
NCT04186871,rutin,Drug
NCT01617798,furosemide,Drug
NCT01617187,asenapine,Drug
NCT01617200,asenapine,Drug
NCT01617187,olanzapine,Drug
NCT01617200,olanzapine,Drug
NCT02088060,olanzapine,Drug
NCT01619150,etoricoxib,Drug
NCT01619150,etoricoxib,Drug
NCT01618591,azithromycin,Drug
NCT01611571,risedronic acid,Drug
NCT03061214,semaglutide,Drug
NCT03061214,semaglutide,Drug
NCT03063359,fentanyl,Drug
NCT03063359,morphine,Drug
NCT03362814,ravidasvir,Drug
NCT03362814,ritonavir,Drug
NCT01398293,ritonavir,Drug
NCT03362814,ribavirin,Drug
NCT04341428,lansoprazole,Drug
NCT04344379,chloroquine,Drug
NCT04344379,hydroxychloroquine,Drug
NCT04344379,chlorine,Drug
NCT03305263,chloroquine,Drug
NCT03305263,hydroxychloroquine,Drug
NCT03305263,chlorine,Drug
NCT01598584,gemcitabine,Drug
NCT01594827,water,Drug
NCT01595373,acetate,Drug
NCT01595022,levonorgestrel,Drug
NCT01595022,norgestrel,Drug
NCT01596777,loperamide,Drug
NCT01596764,loperamide,Drug
NCT01596777,naltrexone,Drug
NCT01594749,dexamethasone,Drug
NCT01598012,mefenamic acid,Drug
NCT01595594,doxycycline,Drug
NCT00544791,melatonin,Drug
NCT02861859,olanzapine,Drug
NCT02869321,fentanyl,Drug
NCT02869321,morphine,Drug
NCT02869321,sulfate ion,Drug
NCT00218426,naltrexone,Drug
NCT00219141,aliskiren,Drug
NCT00219141,losartan,Drug
NCT00216619,topiramate,Drug
NCT01490918,acarbose,Drug
NCT01490918,carboxymethylcellulose,Drug
NCT01490697,mifepristone,Drug
NCT01490697,serine,Drug
NCT01490697,cycloserine,Drug
NCT01494636,chlorine,Drug
NCT01494636,chloride ion,Drug
NCT01496690,pregabalin,Drug
NCT02620163,amlodipine,Drug
NCT02620163,telmisartan,Drug
NCT02620163,amlodipine,Drug
NCT02620163,telmisartan,Drug
NCT03249207,anakinra,Drug
NCT03243552,levodopa,Drug
NCT03249714,ofatumumab,Drug
NCT01040793,olodaterol,Drug
NCT01040130,olodaterol,Drug
NCT00436475,cholecalciferol,Drug
NCT00436553,verteporfin,Drug
NCT00306540,quetiapine,Drug
NCT00051285,enoximone,Drug
NCT00057564,dexamethasone,Drug
NCT00053430,thalidomide,Drug
NCT00983151,tramadol,Drug
NCT00983151,chlorine,Drug
NCT00983151,chloride ion,Drug
NCT00982332,chlorine,Drug
NCT00982332,chloride ion,Drug
NCT00405275,etanercept,Drug
NCT00400231,metformin,Drug
NCT00400231,fenofibrate,Drug
NCT00409591,nevirapine,Drug
NCT00403364,pantoprazole,Drug
NCT00403364,tinidazole,Drug
NCT00403364,amoxicillin,Drug
NCT00403364,clarithromycin,Drug
NCT02619266,megestrol acetate,Drug
NCT02619266,acetate,Drug
NCT02616315,naltrexone,Drug
NCT02616315,bupropion,Drug
NCT04043520,estradiol,Drug
NCT00411879,epinephrine,Drug
NCT00414453,oxycodone,Drug
NCT00414453,lidocaine,Drug
NCT00414648,sirolimus,Drug
NCT00418132,thalidomide,Drug
NCT00417170,aliskiren,Drug
NCT00417170,amlodipine,Drug
NCT00411736,azithromycin,Drug
NCT02307864,tramadol,Drug
NCT02308098,formoterol,Drug
NCT02308098,budesonide,Drug
NCT02308098,desonide,Drug
NCT02308098,formoterol,Drug
NCT02308098,budesonide,Drug
NCT02308098,desonide,Drug
NCT02308553,nintedanib,Drug
NCT02609490,azilsartan medoxomil,Drug
NCT02609490,olmesartan,Drug
NCT02601586,oxycodone,Drug
NCT02601586,levodopa,Drug
NCT02668926,amphetamine,Drug
NCT02668926,lisdexamfetamine,Drug
NCT02668926,dextroamphetamine,Drug
NCT02668926,amphetamine,Drug
NCT02668926,lisdexamfetamine,Drug
NCT02668926,dextroamphetamine,Drug
NCT02668926,amphetamine,Drug
NCT02668926,lisdexamfetamine,Drug
NCT02668926,dextroamphetamine,Drug
NCT02664116,diclofenac,Drug
NCT02664116,ketorolac,Drug
NCT02671175,artenimol,Drug
NCT02671175,artemisinin,Drug
NCT02678117,pregabalin,Drug
NCT02678117,magnesium sulfate,Drug
NCT00835965,dexamethasone,Drug
NCT00833040,sufentanil,Drug
NCT00833040,fentanyl,Drug
NCT00830076,sitagliptin,Drug
NCT00830076,metformin,Drug
NCT00831129,rosiglitazone,Drug
NCT00838903,glimepiride,Drug
NCT02497638,metformin,Drug
NCT02497638,atorvastatin,Drug
NCT01820325,buparlisib,Drug
NCT02224157,formoterol,Drug
NCT02224157,budesonide,Drug
NCT02224157,desonide,Drug
NCT02149199,formoterol,Drug
NCT02149199,budesonide,Drug
NCT02149199,desonide,Drug
NCT02227745,hyaluronic acid,Drug
NCT02228239,ketamine,Drug
NCT02228239,esketamine,Drug
NCT02228239,mirtazapine,Drug
NCT00245570,montelukast,Drug
NCT00245570,salmeterol,Drug
NCT03552757,semaglutide,Drug
NCT03552757,semaglutide,Drug
NCT03554304,moxifloxacin,Drug
NCT03557294,varenicline,Drug
NCT02216123,tafenoquine,Drug
NCT02216123,primaquine,Drug
NCT02211729,pyrimethamine,Drug
NCT02211729,azithromycin,Drug
NCT02211729,amodiaquine,Drug
NCT02211729,sulfadoxine,Drug
NCT02211729,oxyquinoline,Drug
NCT02217839,octreotide,Drug
NCT02217839,octreotide,Drug
NCT02218203,dextromethorphan,Drug
NCT02218203,lidocaine,Drug
NCT02219555,lidocaine,Drug
NCT01401491,clozapine,Drug
NCT01402947,ciprofloxacin,Drug
NCT01402947,ofloxacin,Drug
NCT01402843,valsartan,Drug
NCT01402843,pitavastatin,Drug
NCT04322968,ketorolac,Drug
NCT04322968,ketamine,Drug
NCT04403282,ornithine,Drug
NCT04403282,eflornithine,Drug
NCT01941004,fingolimod,Drug
NCT01944176,simvastatin,Drug
NCT01949233,doxycycline,Drug
NCT01949233,irbesartan,Drug
NCT01476124,morphine,Drug
NCT01472796,aliskiren,Drug
NCT03923725,artemether,Drug
NCT03923725,lumefantrine,Drug
NCT03923725,diethyl ether,Drug
NCT03923725,mefloquine,Drug
NCT03923725,artesunate,Drug
NCT01133431,glimepiride,Drug
NCT01133626,prednisone,Drug
NCT01137474,dapagliflozin,Drug
NCT00666393,fentanyl,Drug
NCT00665522,fentanyl,Drug
NCT00668330,alfacalcidol,Drug
NCT00466609,fluoxetine,Drug
NCT01330238,zoledronic acid,Drug
NCT04390152,azithromycin,Drug
NCT04390152,ritonavir,Drug
NCT04390152,chloroquine,Drug
NCT04390152,lopinavir,Drug
NCT04390152,hydroxychloroquine,Drug
NCT04390152,chlorine,Drug
NCT03694119,phenelzine,Drug
NCT03691818,ibuprofen,Drug
NCT01971632,oxycodone,Drug
NCT01971632,naloxone,Drug
NCT00881517,chlorine,Drug
NCT00881517,chloride ion,Drug
NCT00884884,aripiprazole,Drug
NCT00884884,aripiprazole,Drug
NCT00884884,topiramate,Drug
NCT00884884,topiramate,Drug
NCT01007721,montelukast,Drug
NCT01007721,fluticasone propionate,Drug
NCT01007721,fluticasone,Drug
NCT01007721,fluticasone propionate,Drug
NCT01007721,fluticasone,Drug
NCT01006018,pioglitazone,Drug
NCT01006018,sitagliptin,Drug
NCT01003847,fenofibrate,Drug
NCT01002547,pioglitazone,Drug
NCT00738621,aprepitant,Drug
NCT00738621,dexamethasone,Drug
NCT00734656,ethanol,Drug
NCT00734656,dutasteride,Drug
NCT00734656,ethanol,Drug
NCT00732108,lactulose,Drug
NCT00849030,tamoxifen,Drug
NCT03016832,irbesartan,Drug
NCT03011632,mometasone,Drug
NCT03018236,cocaine,Drug
NCT03012529,riboflavin,Drug
NCT01070225,propranolol,Drug
NCT01070225,hydrocortisone,Drug
NCT02425826,apremilast,Drug
NCT02420327,galantamine,Drug
NCT02282293,trimethoprim,Drug
NCT02282293,sulfamethoxazole,Drug
NCT01029782,probenecid,Drug
NCT01029782,cefazolin,Drug
NCT01029782,probenecid,Drug
NCT01028391,pioglitazone,Drug
NCT01028391,sitagliptin,Drug
NCT01418365,mesalazine,Drug
NCT01418365,metronidazole,Drug
NCT01410695,methotrexate,Drug
NCT01410695,masitinib,Drug
NCT03658473,naproxen,Drug
NCT03658473,rabeprazole,Drug
NCT03650361,adapalene,Drug
NCT03652974,clozapine,Drug
NCT00012857,aniline,Drug
NCT02932969,cimlanod,Drug
NCT00458419,naloxone,Drug
NCT00454259,fentanyl,Drug
NCT00457951,chlorine,Drug
NCT00457951,chloride ion,Drug
NCT01360554,erlotinib,Drug
NCT01369095,liafensine,Drug
NCT04035109,chlorine,Drug
NCT04035109,chloride ion,Drug
NCT02163694,veliparib,Drug
NCT02162758,lansoprazole,Drug
NCT02162758,dexlansoprazole,Drug
NCT02165332,moxifloxacin,Drug
NCT02169843,dexmedetomidine,Drug
NCT02169843,medetomidine,Drug
NCT02080182,cysteine,Drug
NCT02080182,acetylcysteine,Drug
NCT02087540,telmisartan,Drug
NCT02087540,rosuvastatin,Drug
NCT02087540,rosuvastatin,Drug
NCT02088060,cannabidiol,Drug
NCT00741598,galantamine,Drug
NCT00740922,becaplermin,Drug
NCT00743002,metformin,Drug
NCT00741013,lovastatin,Drug
NCT00741013,treosulfan,Drug
NCT00741013,drotrecogin alfa,Drug
NCT00740948,"dextrose, unspecified form",Drug
NCT00746486,budesonide,Drug
NCT00746486,desonide,Drug
NCT01488279,dexamethasone,Drug
NCT01480336,amiodarone,Drug
NCT01483144,ornithine,Drug
NCT01483144,eflornithine,Drug
NCT01483144,sulindac,Drug
NCT01489566,mitomycin,Drug
NCT01489566,fluorouracil,Drug
NCT01321021,losartan,Drug
NCT01321021,diphenhydramine,Drug
NCT01322139,moxifloxacin,Drug
NCT01322139,moxifloxacin,Drug
NCT01322139,moxifloxacin,Drug
NCT03073018,fosinopril,Drug
NCT03073018,pravastatin,Drug
NCT03136705,activated charcoal,Drug
NCT03136705,carbonate ion,Drug
NCT03136705,nicotine,Drug
NCT03136705,nicotinamide,Drug
NCT03136484,canagliflozin,Drug
NCT03138512,nivolumab,Drug
NCT03138512,ipilimumab,Drug
NCT00760474,pregabalin,Drug
NCT03199638,l-glutamine,Drug
NCT03193346,chlorine,Drug
NCT03193346,chloride ion,Drug
NCT04017832,semaglutide,Drug
NCT04012606,cisplatin,Drug
NCT04012606,etoposide,Drug
NCT04012606,carboplatin,Drug
NCT01289561,ethanol,Drug
NCT01286012,activated charcoal,Drug
NCT01286012,carbonate ion,Drug
NCT01397461,enoxacin,Drug
NCT01397461,ozenoxacin,Drug
NCT00823342,clevudine,Drug
NCT00823342,clevudine,Drug
NCT00066170,modafinil,Drug
NCT00061919,etoposide,Drug
NCT00061919,carboplatin,Drug
NCT00955929,sildenafil,Drug
NCT00959881,donepezil,Drug
NCT03292640,tazarotene,Drug
NCT03291886,entinostat,Drug
NCT03863223,docetaxel,Drug
NCT03861416,arginine,Drug
NCT03617445,vancomycin,Drug
NCT02253394,ambrisentan,Drug
NCT02259647,sorafenib,Drug
NCT03847792,bupivacaine,Drug
NCT00505414,pentaerythritol tetranitrate,Drug
NCT00505414,tapentadol,Drug
NCT00866060,donepezil,Drug
NCT00866060,memantine,Drug
NCT00865709,oxaliplatin,Drug
NCT02294851,gosuranemab,Drug
NCT02296125,erlotinib,Drug
NCT02061657,misoprostol,Drug
NCT02066402,tedizolid,Drug
NCT02068443,metformin,Drug
NCT02068443,chlorine,Drug
NCT02068443,chloride ion,Drug
NCT01901003,microcrystalline cellulose,Drug
NCT00654381,voglibose,Drug
NCT00650442,estradiol,Drug
NCT00650442,estradiol,Drug
NCT00655616,montelukast,Drug
NCT00659945,ondansetron,Drug
NCT01511978,amifampridine,Drug
NCT01518998,amlodipine,Drug
NCT01519063,naltrexone,Drug
NCT02145949,alanine,Drug
NCT02147132,varenicline,Drug
NCT02149199,terbutaline,Drug
NCT02149199,budesonide,Drug
NCT02149199,desonide,Drug
NCT02140593,rocuronium,Drug
NCT02140593,rocuronium,Drug
NCT00932971,peginterferon alfa-2a,Drug
NCT03904693,macitentan,Drug
NCT03904693,tadalafil,Drug
NCT03733379,metronidazole,Drug
NCT03733379,amoxicillin,Drug
NCT03737643,olaparib,Drug
NCT03736369,omeprazole,Drug
NCT03736369,esomeprazole,Drug
NCT01120184,pertuzumab,Drug
NCT01124981,albumin human,Drug
NCT01124500,methylphenidate,Drug
NCT01125033,ascorbic acid,Drug
NCT01108588,acetylsalicylic acid,Drug
NCT01108588,clopidogrel,Drug
NCT01103050,cetirizine,Drug
NCT01103050,cetirizine,Drug
NCT01103050,cetirizine,Drug
NCT01103336,nicorandil,Drug
NCT00151008,bexarotene,Drug
NCT00154336,imatinib,Drug
NCT00158821,stavudine,Drug
NCT00159575,metformin,Drug
NCT00154180,progesterone,Drug
NCT00150722,atorvastatin,Drug
NCT00152646,clopidogrel,Drug
NCT00152646,acetylsalicylic acid,Drug
NCT00153036,alteplase,Drug
NCT00152997,pramipexole,Drug
NCT04173832,amantadine,Drug
NCT04176653,chlorine,Drug
NCT04176653,chloride ion,Drug
NCT04176419,lidocaine,Drug
NCT04176419,aniline,Drug
NCT04176419,celecoxib,Drug
NCT01534754,mesalazine,Drug
NCT01537250,levofloxacin,Drug
NCT01537250,ofloxacin,Drug
NCT02947581,albendazole,Drug
NCT02947581,praziquantel,Drug
NCT03709849,clomifene,Drug
NCT03709849,clomifene,Drug
NCT00318708,clarithromycin,Drug
NCT00317707,olea europaea leaf,Drug
NCT00315445,oxycodone,Drug
NCT00315445,aniline,Drug
NCT02655237,leuprolide,Drug
NCT02658825,pimodivir,Drug
NCT02658825,pimodivir,Drug
NCT02658825,pimodivir,Drug
NCT02658825,moxifloxacin,Drug
NCT00146640,prednisone,Drug
NCT00146640,prednisone,Drug
NCT00147264,telmisartan,Drug
NCT00144456,alfacalcidol,Drug
NCT00140764,metronidazole,Drug
NCT00145106,tazarotene,Drug
NCT00145106,minocycline,Drug
NCT00149734,ondansetron,Drug
NCT00149734,ondansetron,Drug
NCT01581710,montelukast,Drug
NCT01580553,levocarnitine,Drug
NCT01580007,cholecalciferol,Drug
NCT01580007,butyric acid,Drug
NCT01580007,phenylbutyric acid,Drug
NCT01580007,vitamin d,Drug
NCT01580007,cholecalciferol,Drug
NCT01580007,butyric acid,Drug
NCT01580007,phenylbutyric acid,Drug
NCT01580007,vitamin d,Drug
NCT01580007,cholecalciferol,Drug
NCT01580007,butyric acid,Drug
NCT01580007,phenylbutyric acid,Drug
NCT01580007,vitamin d,Drug
NCT01584648,trametinib,Drug
NCT01584648,dabrafenib,Drug
NCT01583062,amoxicillin,Drug
